{
  "version": "1.0.3",
  "checklist": {
    "egg": false,
    "beef": false,
    "pork": false,
    "chicken": false,
    "shrimp": false,
    "tomato": false,
    "crab": false,
    "squid_octopus": false,
    "shellfish": false,
    "milk": false,
    "wheat_products": false,
    "peanut": false,
    "walnut": false,
    "pine_nut": false,
    "soy": false,
    "peach": false,
    "buckwheat": false
  },
  "ingredients_dict": {
    "egg": "난류",
    "beef": "소고기",
    "pork": "돼지고기",
    "chicken": "닭고기",
    "shrimp": "새우",
    "tomato": "토마토",
    "crab": "게",
    "squid_octopus": "오징어",
    "shellfish": "조개류",
    "milk": "우유",
    "wheat_products": "밀",
    "peanut": "땅콩",
    "walnut": "호두",
    "pine_nut": "잣",
    "soy": "대두",
    "peach": "복숭아",
    "buckwheat": "메밀"
  },
  "class_dict": {
    "baek_sook": "백숙",
    "baguette": "바게트",
    "banh_mi": "반미",
    "bbq": "BBQ",
    "beef_tartare": "육회",
    "bibimbap": "비빔밥",
    "bingsu": "빙수",
    "bulgogi": "불고기",
    "bunza": "분자",
    "burger": "버거",
    "burrito": "브리또",
    "cake": "케이크",
    "cannoli": "카놀레",
    "caprese": "카프레제",
    "chicken": "치킨",
    "chili_crab": "칠리크랩",
    "chocolate": "초콜릿",
    "churros": "츄러스",
    "coffee_hot": "핫커피",
    "coffee_ice": "아이스커피",
    "cookie": "쿠키",
    "crepe": "크레페",
    "croissant": "크로아상",
    "croque_monsieur": "크로크무슈",
    "curry": "카레",
    "dacquoise": "다쿠아제",
    "dim_sum": "딤섬",
    "donut": "도넛",
    "egg_benedict": "에그베네딕",
    "egg_tart": "에그타르트",
    "escargot": "에스카르고",
    "fish_and_chips": "피시앤칩스",
    "fondue": "퐁듀",
    "french_fries": "프렌치프라이",
    "french_toast": "프렌치토스트",
    "galbi": "갈비",
    "gelato": "젤라또",
    "gimbap": "김밥",
    "gratin": "그라탕",
    "hot_dog": "핫도그",
    "hot_pot": "핫팟",
    "jajangmyeon": "짜장면",
    "japchae": "잡채",
    "kaya_toast": "카야토스트",
    "kebap": "케밥",
    "kimchi_stew": "김치찌개",
    "korean_pancake": "전",
    "lasana": "라자냐",
    "lobster": "랍스터",
    "macaroon": "마카롱",
    "madeleine": "마들렌",
    "mapa_tofu": "마파두부",
    "milfeuille": "밀풰유",
    "muffin": "머핀",
    "naan": "난",
    "nachos": "나초",
    "nasi_goreng": "나시고랭",
    "omelet": "오믈렛",
    "onigiri": "주먹밥",
    "pad_thai": "팟타이",
    "paea": "파에야",
    "pan_cake": "팬케이크",
    "pasta": "파스타",
    "pie": "파이",
    "pizza": "피자",
    "popcorn": "팝콘",
    "pork_chop": "폭찹",
    "pound_cake": "파운드케이크",
    "pudding": "푸딩",
    "quesadilla": "퀘사디아",
    "ramen": "라면",
    "ratatouille": "라따뚜이",
    "rice_noodle": "쌀국수",
    "risotto": "리조또",
    "salad": "샐러드",
    "sandwich": "샌드위치",
    "sashimi": "회",
    "schweinshaxe": "슈바인학세",
    "seaweed_soup": "미역국",
    "serial": "시리얼",
    "soba": "소바",
    "somtam": "솜탐",
    "soup": "수프",
    "steak": "스테이크",
    "sushi": "초밥",
    "taco": "타코",
    "takoyaki": "타코야끼",
    "tiramisu": "티라미수",
    "tortilla": "또띠아",
    "tteokbokki": "떡갈비",
    "udon": "우동",
    "waffle": "와플",
    "wolnam_ssam": "월남쌈"
  },
  "IP": "101.101.208.43",
  "PORT": 30010
}